Kacper:kacper@gmail.com:bruh
Marcin:marcinn@gmial.com:bbbb
Kuba:kuba@gmail.com:qqqq
Natan:natan@gmail.com:wwwww
Oliwier:oliwier@gmail.com:nnnn
Karol:karol@gmail.com:ssss
saasas:as@as.pl:123456
